{
	"Name": "NanoDLP Generic Printer",
	"Lang": "",
	"Email": "",
	"Port": 80,
	"PrinterType": 0,
	"ZAxisPin": 0,
	"DirectionPin": 10,
	"LimitPin": 18,
	"LimitPinB": 0,
	"LimitPinMode": 0,
	"LimitPinReset": 0,
	"WaitPin": 0,
	"EnablePin": 0,
	"EnablePinState": 0,
	"EnablePinMode": 0,
	"FaultPin": 0,
	"FaultPinState": 0,
	"ShutterPin": 11,
	"ShutterType": 2,
	"ShutterMode": 1,
	"ShutterOpen": 500,
	"ShutterClose": 2500,
	"ShutterOpenGcode": "",
	"ShutterCloseGcode": "",
	"ShutterSignalLength": 1000,
	"MaxSpeed": 3000,
	"MinSpeed": 1000,
	"StartupSpeed": 100,
	"StopPositionMm": 10,
	"ResinDistanceMm": 5,
	"ZAxisHeight": 3000,
	"MotorDegree": 1.8,
	"MicroStep": 8,
	"LeadscrewPitch": 3,
	"LCDType": 0,
	"LCDAdress": 27,
	"LCDPath": "/dev/i2c-1",
	"ShieldType": 1,
	"ShieldEncoding": 0,
	"ShieldI2CAddress": 0,
	"ShieldUSBAddress": "/dev/ttyACM0",
	"ShieldSpeed": 115200,
	"ShieldBootup": "",
	"ShieldStart": "",
	"ShieldResume": "",
	"ShieldFinish": "",
	"ShieldAxisMode": 0,
	"ShieldPositioning": 0,
	"ManualMoveGcode": "G1 Z[[Position]]",
	"SyscallStart": "",
	"SyscallFinish": "",
	"CameraFrequency": 0,
	"CameraStore": 0,
	"CameraCommand": "-w 1296 -h 972 --timeout 700 --awb sun",
	"ShutdownPin": 0,
	"ProjectorWidth": 1920,
	"ProjectorHeight": 1080,
	"ProjectorType": 0,
	"ProjectorPowerCycle": 0,
	"ProjectorSpeed": 9600,
	"ProjectorAddress": "/dev/ttyUSB0",
	"ProjectorOn": "* 0 IR 001",
	"ProjectorOff": "* 0 IR 002",
	"ProjectorLampQuery": "",
	"ProjectorLampEffect": 0,
	"ProjectorOnSyscall": "",
	"ProjectorOffSyscall": "",
	"ProjectorWarmup": 0,
	"ImageMirror": 0,
	"LightOutputFormula": "",
	"BarrelFactor": 0,
	"BarrelX": 0,
	"BarrelY": 0,
	"FBPath": "",
	"XYRes": 0,
	"YRes": 0,
	"Username": "",
	"Password": "",
	"ViewUsername": "",
	"ViewPassword": "",
	"OnlineKey": "",
	"Mute": 0,
	"DisplayID": 0,
	"DefaultProfile": 0,
	"SpeedFormula": "",
	"RemoteSlicer": "",
	"Theme": 0,
	"CustomValues": null,
	"SetupMode": 0,
	"AutoSlice": 0,
	"PreviewGenerate": 0,
	"PreviewWidth": 0,
	"PreviewHeight": 0,
	"USBDisplayAddress": "",
	"WifiType": "",
	"WifiPass": "",
	"WifiSSID": ""
}