[
	{
		"ProfileID": 1,
		"Title": "MCAST + Sylgard / 65micron",
		"Desc": "",
		"ResinPrice": 0,
		"ZStepWait": 600,
		"SlowSectionHeight": 3,
		"SlowSectionStepWait": 25,
		"TopWait": 0.1,
		"WaitHeight": 0.2,
		"CureTime": 3.9,
		"DynamicWaitAfterLift": "",
		"DynamicCureTime": "",
		"DynamicSpeed": "",
		"DynamicLift": "",
		"Depth": 30,
		"WaitBeforePrint": 0.1,
		"WaitAfterPrint": 0.01,
		"JumpHeight": 0.15,
		"JumpPerLayer": 7,
		"SupportTopWait": 0.2,
		"SupportWaitHeight": 1,
		"SupportLayerNumber": 3,
		"SupportCureTime": 18,
		"SupportDepth": 60,
		"SupportWaitBeforePrint": 12,
		"SupportWaitAfterPrint": 3,
		"LowQualityCureTime": 12.6,
		"LowQualitySkipPerLayer": 0,
		"XYRes": 65,
		"YRes": 0,
		"XYResPerc": 0,
		"ZResPerc": 0,
		"Offset": 0,
		"FillColor": "",
		"BlankColor": "",
		"SyscallBeforeLayer": "",
		"ShieldBeforeLayer": "",
		"SyscallAfterLayer": "",
		"ShieldAfterLayer": "",
		"PixelDiming": 0,
		"DimAmount": 0,
		"DimWall": 0,
		"DimSkip": 0,
		"HatchingType": 0,
		"HatchingWall": 0,
		"HatchingGap": 0,
		"HatchingOuterWall": 0,
		"HatchingTopCap": 0,
		"HatchingBottomCap": 0,
		"AntiAlias": 0,
		"ImageRotate": 0,
		"IgnoreMask": 0,
		"ShieldStart": "",
		"ShieldResume": "",
		"ShieldFinish": "",
		"LaserCode": "",
		"Updated": 0
	},
	{
		"ProfileID": 2,
		"Title": "MCAST + Sylgard / 80micron",
		"Desc": "",
		"ResinPrice": 0,
		"ZStepWait": 600,
		"SlowSectionHeight": 3,
		"SlowSectionStepWait": 25,
		"TopWait": 0.1,
		"WaitHeight": 0.2,
		"CureTime": 4.8,
		"DynamicWaitAfterLift": "",
		"DynamicCureTime": "",
		"DynamicSpeed": "",
		"DynamicLift": "",
		"Depth": 30,
		"WaitBeforePrint": 0.1,
		"WaitAfterPrint": 0.01,
		"JumpHeight": 0.15,
		"JumpPerLayer": 7,
		"SupportTopWait": 0.2,
		"SupportWaitHeight": 1,
		"SupportLayerNumber": 3,
		"SupportCureTime": 20,
		"SupportDepth": 60,
		"SupportWaitBeforePrint": 12,
		"SupportWaitAfterPrint": 3,
		"LowQualityCureTime": 12.6,
		"LowQualitySkipPerLayer": 0,
		"XYRes": 80,
		"YRes": 0,
		"XYResPerc": 0,
		"ZResPerc": 0,
		"Offset": 0,
		"FillColor": "",
		"BlankColor": "",
		"SyscallBeforeLayer": "",
		"ShieldBeforeLayer": "",
		"SyscallAfterLayer": "",
		"ShieldAfterLayer": "",
		"PixelDiming": 0,
		"DimAmount": 0,
		"DimWall": 0,
		"DimSkip": 0,
		"HatchingType": 0,
		"HatchingWall": 0,
		"HatchingGap": 0,
		"HatchingOuterWall": 0,
		"HatchingTopCap": 0,
		"HatchingBottomCap": 0,
		"AntiAlias": 0,
		"ImageRotate": 0,
		"IgnoreMask": 0,
		"ShieldStart": "",
		"ShieldResume": "",
		"ShieldFinish": "",
		"LaserCode": "",
		"Updated": 0
	}
]